5E-CF-7F-01-85-56,5ECF7F018556,5C-CF-7F-01-85-56,5CCF7F018556
5E-CF-7F-01-85-56,5ECF7F018556,5C-CF-7F-01-85-56,5CCF7F018556
FE-F5-C4-AC-78-61,FEF5C4AC7861,FC-F5-C4-AC-78-61,FCF5C4AC7861
FE-F5-C4-AC-78-61,FEF5C4AC7861,FC-F5-C4-AC-78-61,FCF5C4AC7861
FE-F5-C4-AC-78-61,FEF5C4AC7861,FC-F5-C4-AC-78-61,FCF5C4AC7861
62-01-94-51-D8-67,62019451D867,60-01-94-51-D8-67,60019451D867
62-01-94-51-D8-67,62019451D867,60-01-94-51-D8-67,60019451D867
62-01-94-51-D8-67,62019451D867,60-01-94-51-D8-67,60019451D867
FE-F5-C4-AC-78-61,FEF5C4AC7861,FC-F5-C4-AC-78-61,FCF5C4AC7861
FE-F5-C4-AC-78-61,FEF5C4AC7861,FC-F5-C4-AC-78-61,FCF5C4AC7861
FE-F5-C4-AC-78-61,FEF5C4AC7861,FC-F5-C4-AC-78-61,FCF5C4AC7861
FE-F5-C4-AC-78-61,FEF5C4AC7861,FC-F5-C4-AC-78-61,FCF5C4AC7861
FE-F5-C4-AC-78-61,FEF5C4AC7861,FC-F5-C4-AC-78-61,FCF5C4AC7861
FE-F5-C4-AC-78-61,FEF5C4AC7861,FC-F5-C4-AC-78-61,FCF5C4AC7861
FE-F5-C4-AC-78-61,FEF5C4AC7861,FC-F5-C4-AC-78-61,FCF5C4AC7861
62-01-94-51-D8-67,62019451D867,60-01-94-51-D8-67,60019451D867
62-01-94-51-D8-67,62019451D867,60-01-94-51-D8-67,60019451D867
62-01-94-51-D8-67,62019451D867,60-01-94-51-D8-67,60019451D867
62-01-94-51-D8-67,62019451D867,60-01-94-51-D8-67,60019451D867
